"","methanotrophy","methanogenesis_by_reduction_of_methyl_compounds_with_H2","hydrogenotrophic_methanogenesis","methanogenesis","methanol_oxidation","methylotrophy","aerobic_ammonia_oxidation","aerobic_nitrite_oxidation","sulfate_respiration","sulfur_respiration","sulfite_respiration","dark_hydrogen_oxidation","nitrogen_fixation","nitrite_respiration","cellulolysis","xylanolysis","dark_sulfide_oxidation","dark_oxidation_of_sulfur_compounds","manganese_oxidation","fermentation","aerobic_chemoheterotrophy","human_pathogens_all","human_gut","human_associated","mammal_gut","animal_parasites_or_symbionts","aromatic_hydrocarbon_degradation","aromatic_compound_degradation","aliphatic_non_methane_hydrocarbon_degradation","hydrocarbon_degradation","dark_iron_oxidation","iron_respiration","nitrate_respiration","nitrate_reduction","intracellular_parasites","chlorate_reducers","predatory_or_exoparasitic","chloroplasts","photoheterotrophy","ureolysis","chemoheterotrophy","nitrification","respiration_of_sulfur_compounds","nitrogen_respiration","phototrophy","anaerobic_chemoheterotrophy"
"AAUU-9633",0.00155,0,0,0,0.002326,0.003876,0,0,0.006977,0,0,0.006977,0.00155,0,0.006977,0,0,0,0.00155,0.005426,0.214729,0.000775,0.000775,0.00155,0.000775,0.003876,0.000775,0.007752,0.000775,0.002326,0,0,0.003876,0.010853,0.003101,0,0.000775,0.00155,0.000775,0.004651,0.266667,0,0.006977,0.003876,0.000775,0.051938
"ABYU-1769",0.001512,0,0,0,0,0.001512,0.000756,0,0.003023,0,0,0.011338,0.001512,0,0.004535,0,0,0,0.000756,0.00907,0.196523,0.001512,0.000756,0.002268,0.000756,0.006047,0.003023,0.008314,0.003023,0.004535,0,0,0.003023,0.01285,0.003023,0,0,0.002268,0,0.003779,0.271353,0.000756,0.003023,0.003023,0,0.07483
"ACCD-2050",0.001386,0,0,0,0,0.001386,0.002079,0,0.004851,0,0,0.008316,0.001386,0,0.002079,0,0,0,0.000693,0.006237,0.212058,0.002079,0.000693,0.002772,0.000693,0.004851,0.002079,0.013167,0.002079,0.003465,0,0,0.002079,0.011781,0.003465,0,0.000693,0.001386,0,0.004851,0.29106,0.002079,0.004851,0.002079,0,0.079002
"ADFG-0883",0.001168,0,0,0,0.000584,0.001752,0.001752,0,0.011098,0.000584,0.000584,0.007009,0.001168,0,0.002921,0,0,0,0,0.007009,0.16472,0.001168,0,0.001168,0,0.001752,0,0.004089,0,0.001168,0,0.001168,0.001752,0.008178,0.007009,0,0.000584,0.001752,0,0.002921,0.254673,0.001752,0.011098,0.001752,0,0.089953
"ADRY-7975",0,0,0,0,0,0,0.000907,0,0.006346,0,0,0.010879,0,0,0.00816,0,0,0,0.000907,0.00272,0.204896,0,0,0,0,0.00272,0,0.009066,0,0,0,0,0.001813,0.017226,0.001813,0,0,0.000907,0,0.00544,0.276519,0.000907,0.006346,0.001813,0,0.071623
"AMRS-2996",0,0.001799,0.001799,0.001799,0,0.001799,0,0,0.001799,0,0,0.021583,0,0,0.017986,0,0,0,0.001799,0.005396,0.223022,0,0,0,0,0.007194,0.001799,0.008993,0.001799,0.001799,0,0,0,0.003597,0.005396,0,0,0.001799,0,0,0.23741,0,0.001799,0,0,0.014388
"ANSR-7322",0.00174,0.00058,0.00058,0.00058,0.00058,0.0029,0.00232,0,0.006381,0,0,0.007541,0.00058,0,0.0029,0,0,0,0.00058,0.00522,0.140951,0.00058,0.00058,0.00116,0.00058,0.0029,0,0.00464,0,0.00174,0,0,0.00116,0.011021,0.0029,0,0,0.0029,0,0.00174,0.222158,0.00232,0.006381,0.00116,0,0.081206
"ASYL-8794",0.001065,0.000532,0.000532,0.000532,0.001065,0.002662,0.001065,0,0.00852,0.000532,0,0.006922,0.000532,0,0.002662,0,0,0,0,0.007987,0.146432,0.001065,0.000532,0.001597,0.000532,0.003195,0,0.004792,0,0.001597,0,0.000532,0.001597,0.009585,0.00639,0.000532,0.000532,0.001065,0,0.00213,0.230032,0.001065,0.00852,0.001597,0,0.0836
"ATVE-4706",0.001206,0.000603,0.000603,0.000603,0,0.001808,0,0,0.006028,0,0,0.009644,0.001206,0,0.004219,0,0,0,0.001206,0.004219,0.206148,0.001206,0,0.001206,0,0.003014,0.000603,0.007836,0.000603,0.001808,0,0,0.001808,0.010247,0.003617,0,0.000603,0.000603,0,0.006028,0.265823,0,0.006028,0.001808,0,0.059675
"AYMB-9840",0.001237,0,0,0,0.001237,0.002474,0.001237,0,0.003711,0,0,0.009276,0.001237,0.000618,0.003711,0,0,0,0.001237,0.007421,0.221398,0.001237,0.000618,0.001855,0.000618,0.003092,0.001855,0.009895,0.001855,0.003092,0,0,0.002474,0.013605,0.002474,0,0.000618,0.003711,0.000618,0.006184,0.29128,0.001237,0.003711,0.002474,0.000618,0.069882
"BMXU-2646",0.001073,0,0,0,0.001073,0.002146,0.002146,0,0.005901,0,0,0.007511,0.001073,0,0.001073,0.000536,0,0,0,0.008047,0.159871,0.002682,0.000536,0.003219,0.000536,0.005901,0.001073,0.006438,0.001073,0.002146,0,0,0.002146,0.00912,0.004828,0.000536,0,0.001609,0,0.004828,0.243026,0.002146,0.005901,0.002146,0,0.083155
"BWAH-7786",0,0,0,0,0,0,0.000664,0,0.003987,0,0,0.007309,0,0,0.003322,0,0,0,0.000664,0.002658,0.165449,0,0,0,0,0.000664,0,0.006645,0,0,0,0,0.001993,0.010631,0.003322,0,0,0,0,0.001993,0.243854,0.000664,0.003987,0.001993,0,0.078405
"CFUT-1361",0.001356,0,0,0,0.000678,0.002034,0.001356,0,0.004068,0,0,0.008814,0.001356,0,0.002712,0,0,0,0.000678,0.010847,0.198644,0.002712,0.000678,0.00339,0.000678,0.004068,0.001356,0.009492,0.001356,0.002712,0,0,0.001356,0.012881,0.002034,0,0,0.00339,0.000678,0.006102,0.28,0.001356,0.004068,0.001356,0.000678,0.081356
"CLAZ-1741",0.002256,0,0,0,0.000564,0.00282,0.001128,0.000564,0.007896,0.000564,0,0.006204,0.001128,0,0.001692,0.000564,0,0,0,0.007332,0.163001,0.001692,0.000564,0.002256,0.000564,0.004512,0.000564,0.00846,0.000564,0.00282,0,0.000564,0.002256,0.01128,0.00564,0,0.000564,0.003384,0,0.004512,0.257191,0.001692,0.007896,0.002256,0,0.094191
"CUKZ-1354",0.001276,0,0,0,0.000638,0.001913,0.001913,0,0.006378,0.000638,0,0.00574,0.000638,0,0.003827,0,0,0,0.000638,0.007015,0.186224,0.002551,0.000638,0.003189,0.000638,0.004464,0.000638,0.007015,0.000638,0.001913,0,0.000638,0.001276,0.012755,0.001913,0,0.000638,0.004464,0,0.004464,0.26977,0.001913,0.006378,0.001276,0,0.083546
"CXVX-2483",0,0,0,0,0.001296,0.001296,0.000648,0,0.010369,0.000648,0,0.010369,0,0,0.001944,0,0,0,0,0.004537,0.165262,0.001944,0,0.001944,0,0.00324,0.000648,0.00324,0.000648,0.000648,0,0.000648,0.001296,0.009073,0.002592,0,0.000648,0,0,0.004537,0.249514,0.000648,0.010369,0.001296,0,0.084251
"CYDF-6005",0.000558,0,0,0,0.000558,0.001115,0,0,0.003904,0,0,0.007808,0.000558,0,0.003346,0,0,0,0.000558,0.003346,0.184049,0.001673,0.000558,0.002231,0.000558,0.003904,0,0.008924,0,0.000558,0,0,0.000558,0.008924,0.001673,0,0.000558,0.001115,0,0.003346,0.255996,0,0.003904,0.000558,0,0.071946
"CZNX-8208",0.000657,0,0,0,0,0.000657,0.001314,0,0.007227,0,0,0.009198,0,0,0.001971,0,0,0,0.000657,0.002628,0.164258,0.000657,0.000657,0.001314,0.000657,0.002628,0,0.004599,0,0.000657,0,0,0.001314,0.009855,0.000657,0,0.000657,0.000657,0,0.003285,0.241787,0.001314,0.007227,0.001314,0,0.07753
"DCZZ-2268",0.00119,0,0,0,0.001785,0.002974,0.00119,0,0.004164,0,0,0.007139,0.000595,0,0.00119,0,0,0,0.000595,0.008923,0.193932,0.00119,0.000595,0.001785,0.000595,0.003569,0,0.006544,0,0.00119,0,0,0.000595,0.011898,0.00238,0,0.000595,0.002974,0,0.006544,0.269482,0.00119,0.004164,0.000595,0,0.07555
"DDFM-7086",0.001065,0,0,0,0.001065,0.00213,0.00213,0,0.00639,0,0,0.009585,0,0,0.002662,0.000532,0,0,0,0.007455,0.15229,0.001065,0.000532,0.001597,0.000532,0.003195,0.00213,0.00639,0.00213,0.003195,0,0,0.000532,0.007455,0.005857,0,0,0.001065,0,0.003195,0.239084,0.00213,0.00639,0.000532,0,0.086794
"DFEG-5724",0.000675,0,0,0,0.000675,0.00135,0.000675,0,0.004049,0,0,0.008772,0,0,0.00135,0,0,0,0.000675,0.005398,0.205803,0.002024,0,0.002024,0,0.004049,0.00135,0.010796,0.00135,0.002024,0,0,0.002699,0.009447,0.002024,0,0,0.00135,0.000675,0.007422,0.273279,0.000675,0.004049,0.002699,0.000675,0.067476
"DKET-3953",0.000728,0,0,0,0.000728,0.001457,0.002913,0,0.002913,0,0,0.007283,0,0,0.002913,0,0,0,0.000728,0.009468,0.185725,0.000728,0.000728,0.001457,0.000728,0.002913,0,0.007283,0,0.000728,0,0,0.000728,0.011653,0.002185,0,0,0.002185,0.001457,0.003642,0.268755,0.002913,0.002913,0.000728,0.001457,0.08303
"DVRL-5974",0.001205,0,0,0,0.001205,0.00241,0.001205,0,0.025904,0.000602,0.000602,0.016265,0.000602,0,0.004217,0,0.001205,0.001205,0,0.013855,0.181325,0.000602,0,0.000602,0,0.003614,0.001807,0.007229,0.001807,0.003614,0.000602,0.001205,0.003614,0.011446,0.007229,0.001205,0,0.004217,0.001205,0.004217,0.26506,0.001205,0.025904,0.003614,0.001205,0.083735
"DWZD-2970",0,0.001026,0.001026,0.001026,0,0.001026,0.001026,0,0.007179,0,0,0.01641,0,0,0.008205,0.001026,0,0,0,0.004103,0.222564,0,0,0,0,0.002051,0.001026,0.003077,0.001026,0.001026,0,0,0,0.006154,0.007179,0,0.001026,0.001026,0,0.005128,0.277949,0.001026,0.007179,0,0,0.055385
"ECXB-7736",0,0.000569,0.000569,0.000569,0.001138,0.001707,0.002277,0,0.005692,0.000569,0,0.00683,0.001138,0,0.003415,0,0,0,0.000569,0.008537,0.165054,0.001707,0.000569,0.002277,0.000569,0.004553,0.000569,0.008537,0.000569,0.000569,0,0.000569,0.002277,0.011952,0.005692,0.000569,0.000569,0.002277,0,0.002846,0.246443,0.002277,0.005692,0.002277,0,0.081389
"EGYL-8394",0.000573,0,0,0,0.001147,0.00172,0.00172,0,0.004587,0,0,0.006881,0.001147,0,0.002294,0.000573,0,0,0.000573,0.004587,0.152523,0.000573,0,0.000573,0,0.001147,0,0.00344,0,0.000573,0,0,0.002294,0.011468,0.005161,0,0.000573,0.00172,0.000573,0.002867,0.232798,0.00172,0.004587,0.002294,0.000573,0.080275
"EKEU-5230",0.003556,0,0,0,0.002667,0.006222,0.000889,0,0.003556,0,0,0.019556,0,0,0.003556,0.002667,0.000889,0.000889,0,0.016,0.229333,0.001778,0,0.001778,0,0.001778,0.001778,0.016889,0.001778,0.005333,0,0,0,0.009778,0.014222,0,0,0.000889,0.000889,0.005333,0.296889,0.000889,0.003556,0,0.000889,0.067556
"FXVX-5458",0.001054,0,0,0,0,0.001054,0,0.001054,0.015806,0,0.001054,0.012645,0.003161,0,0.003161,0,0.002107,0.002107,0.001054,0.011591,0.241307,0.006322,0.001054,0.007376,0.001054,0.00843,0.001054,0.011591,0.001054,0.002107,0.002107,0,0.003161,0.01686,0.004215,0,0,0.003161,0,0.009484,0.30137,0.001054,0.015806,0.003161,0,0.060063
"GMZM-2492",0.002466,0,0,0,0.001233,0.003699,0,0,0.004932,0.001233,0,0.011097,0.001233,0,0.007398,0,0,0,0.002466,0.011097,0.278668,0.003699,0,0.003699,0,0.006165,0.001233,0.013564,0.001233,0.004932,0,0.001233,0.002466,0.009864,0.007398,0,0,0.002466,0,0.009864,0.342787,0,0.004932,0.002466,0,0.064118
"GMZY-3370",0.0012,0,0,0,0.0012,0.0024,6e-04,0,0.007798,0,0,0.008398,6e-04,0,0.003599,6e-04,0,0,6e-04,0.009598,0.20096,0.0018,6e-04,0.0024,6e-04,0.005999,0,0.003599,0,0.0018,0,0,0.0018,0.009598,0.003599,6e-04,6e-04,0.0012,0,0.007199,0.281344,6e-04,0.007798,0.0018,0,0.080384
"GTGW-9125",0,0.000608,0.000608,0.000608,0.00243,0.003038,0.001823,0,0.00729,0.000608,0,0.010328,0.001215,0,0.005468,0,0,0,0,0.009721,0.170717,0.001215,0.000608,0.001823,0.000608,0.003038,0.001215,0.010328,0.001215,0.001215,0,0.000608,0.001823,0.009721,0.003645,0.000608,0,0.004253,0,0.00486,0.264277,0.001823,0.00729,0.001823,0,0.09356
"HGCM-1731",0,0,0,0,0,0,0.000833,0,0.0075,0,0,0.013333,0,0,0.003333,0,0,0,0.000833,0.003333,0.1875,0,0,0,0,0.0025,0,0.001667,0,0,0,0,0,0.005833,0.003333,0,0,0.000833,0.000833,0.003333,0.266667,0.000833,0.0075,0,0.000833,0.079167
"KAYX-7850",0,0,0,0,0,0,0,0,0.00198,0,0,0.019802,0,0,0.013861,0,0,0,0.00198,0.011881,0.229703,0,0,0,0,0.005941,0,0.005941,0,0,0,0,0,0.00396,0.00396,0,0,0,0,0,0.247525,0,0.00198,0,0,0.017822
"KLHL-1664",0.000644,0,0,0,0.001288,0.001932,0.00322,0,0.006439,0,0,0.007083,0.000644,0,0.001288,0,0,0,0.000644,0.005795,0.175789,0.001932,0.000644,0.002576,0.000644,0.003863,0,0.009015,0,0.000644,0,0,0,0.010947,0.002576,0,0.000644,0.001932,0.000644,0.004507,0.25499,0.00322,0.006439,0,0.000644,0.079202
"KRLF-5417",0.00075,0,0,0,0.00075,0.001499,0.003748,0,0.005247,0,0,0.008996,0.00075,0,0.002999,0,0,0,0.001499,0.006747,0.167166,0.00075,0.00075,0.001499,0.00075,0.002999,0,0.008996,0,0.00075,0,0,0,0.009745,0.00075,0,0,0.005997,0,0.003748,0.26012,0.003748,0.005247,0,0,0.092954
"KUDU-4159",0,0,0,0,0.001211,0.001211,0.002421,0,0.005448,0.000605,0,0.007869,0.001211,0,0.003027,0,0,0,0.000605,0.007264,0.16707,0.001816,0.000605,0.002421,0.000605,0.003632,0.001816,0.007264,0.001816,0.001816,0,0.000605,0.003632,0.013923,0.003632,0.000605,0,0.000605,0,0.004843,0.245157,0.002421,0.005448,0.003632,0,0.078087
"LFHM-8572",0.001894,0,0,0,0.001894,0.003788,0.002525,0,0.005051,0,0,0.00947,0.000631,0,0.003157,0.001263,0,0,0,0.004419,0.150884,0.000631,0.000631,0.001263,0.000631,0.003157,0,0.004419,0,0.001894,0,0,0.001263,0.011364,0.003157,0,0.000631,0.003788,0,0.002525,0.25,0.002525,0.005051,0.001263,0,0.099116
"LGEK-1643",0.001972,0,0,0,0.001315,0.003287,0.000657,0,0.019724,0.000657,0.000657,0.011834,0.000657,0,0.00263,0,0.000657,0.000657,0,0.009862,0.177515,0.000657,0,0.000657,0,0.00263,0.001972,0.006575,0.001972,0.003945,0,0.001315,0.00263,0.007232,0.004602,0.001315,0,0.001315,0.000657,0.003945,0.273504,0.000657,0.019724,0.00263,0.000657,0.095989
"LHFX-6255",0.001238,0.000619,0.000619,0.000619,0.000619,0.002475,0.001238,0,0.009901,0,0,0.006807,0.001238,0,0.001856,0,0,0,0,0.006188,0.157178,0.001238,0.000619,0.001856,0.000619,0.003094,0.000619,0.00495,0.000619,0.001856,0,0,0.003094,0.011757,0.001238,0.000619,0.000619,0.000619,0,0.001856,0.256188,0.001238,0.009901,0.003094,0,0.09901
"LMBB-6732",0,0,0,0,0,0,0.001913,0,0.00574,0,0,0.008929,0.000638,0,0.001276,0,0,0,0.000638,0.004464,0.170918,0.001276,0,0.001276,0,0.001913,0.001913,0.010842,0.001913,0.001913,0,0,0.000638,0.008291,0.001276,0,0.000638,0.000638,0,0.003189,0.251913,0.001913,0.00574,0.000638,0,0.080995
"MATX-2859",0,0,0,0,0,0,0.002028,0,0.007437,0.000676,0,0.007437,0.000676,0,0.004733,0,0,0,0.000676,0.006085,0.147397,0,0,0,0,0.000676,0,0.005409,0,0,0,0.000676,0.002705,0.010142,0.006085,0,0,0.002028,0,0.002705,0.245436,0.002028,0.007437,0.002705,0,0.098039
"MAXN-7578",0.000636,0,0,0,0,0.000636,0.000636,0,0.003817,0,0,0.008906,0,0,0.003181,0,0,0,0.000636,0.006361,0.167303,0.000636,0.000636,0.001272,0.000636,0.002545,0,0.006997,0,0.000636,0,0,0.001272,0.012723,0.002545,0,0,0.001908,0.000636,0.001908,0.247455,0.000636,0.003817,0.001272,0.000636,0.080153
"MCNG-1977",0.001318,0,0,0,0.001318,0.002637,0.001318,0,0.007251,0.000659,0,0.011206,0.003296,0,0.002637,0,0,0,0.000659,0.009888,0.192485,0.002637,0.000659,0.003296,0.000659,0.00857,0,0.00791,0,0.001978,0,0.000659,0.003296,0.013843,0.003955,0.001318,0,0.001318,0,0.005933,0.279499,0.001318,0.007251,0.003296,0,0.087014
"MCXS-8440",0,0,0,0,0.0013,0.0013,0.001951,0,0.010403,0.00065,0,0.007802,0.002601,0,0.002601,0,0,0,0,0.005852,0.148244,0,0,0,0,0.00065,0.00065,0.005202,0.00065,0.00065,0,0.00065,0.003901,0.011053,0.003901,0.00065,0.00065,0.00065,0,0.002601,0.243173,0.001951,0.010403,0.003901,0,0.094928
"MFBV-9997",0.000942,0,0,0,0.000942,0.001883,0,0,0.012241,0,0,0.014124,0,0,0.010358,0,0,0,0.000942,0.008475,0.247646,0,0,0,0,0.003766,0.000942,0.006591,0.000942,0.001883,0,0,0.000942,0.007533,0.004708,0,0,0.000942,0.000942,0.006591,0.298493,0,0.012241,0.000942,0.000942,0.050847
"MKBU-1271",0.000623,0.000623,0.000623,0.000623,0.001246,0.002492,0.001246,0,0.006854,0,0,0.007477,0,0,0.001869,0,0,0,0.000623,0.004361,0.179439,0.000623,0,0.000623,0,0.003115,0.001246,0.0081,0.001246,0.001869,0,0,0.001869,0.011215,0.003115,0,0,0.001869,0,0.003115,0.259813,0.001246,0.006854,0.001869,0,0.080374
"MSWW-7707",0.002538,0,0,0,0.000635,0.003173,0.001904,0,0.003807,0,0,0.008883,0.001269,0,0.002538,0,0,0,0,0.007614,0.177665,0.001904,0.000635,0.002538,0.000635,0.004442,0,0.006345,0,0.002538,0,0,0.001904,0.011421,0.001904,0,0,0.001269,0.000635,0.005076,0.264594,0.001904,0.003807,0.001904,0.000635,0.086929
"MUPU-7804",0.002212,0,0,0,0.00295,0.005162,0.001475,0,0.003687,0,0,0.011799,0.002212,0,0.00295,0,0,0,0.001475,0.0059,0.20944,0.004425,0.000737,0.005162,0.000737,0.0059,0.000737,0.008112,0.000737,0.00295,0,0,0.001475,0.016224,0.002212,0,0.000737,0.001475,0.000737,0.008112,0.288348,0.001475,0.003687,0.001475,0.000737,0.078909
"MVYH-0136",0.001516,0,0,0,0.000758,0.002274,0,0,0.030326,0.000758,0.000758,0.015163,0.001516,0,0.002274,0,0.000758,0.000758,0.000758,0.010614,0.194086,0.003033,0,0.003033,0,0.003791,0,0.004549,0,0.001516,0,0.001516,0.003033,0.015163,0.003791,0.001516,0,0.006065,0.000758,0.006065,0.27066,0,0.030326,0.003033,0.000758,0.076573
"NNBU-1363",0.000585,0,0,0,0.001171,0.001756,0.002342,0,0.004684,0,0,0.007611,0.000585,0,0.002927,0.000585,0,0,0.000585,0.005269,0.155738,0.002342,0,0.002342,0,0.003513,0.000585,0.005269,0.000585,0.001171,0,0,0.001171,0.009953,0.002927,0,0.000585,0.003513,0,0.004098,0.247073,0.002342,0.004684,0.001171,0,0.091335
"NZBD-8516",0.000646,0,0,0,0,0.000646,0.001291,0,0.007747,0.000646,0,0.008393,0.000646,0,0.003228,0,0,0,0,0.007101,0.154293,0.001291,0.000646,0.001937,0.000646,0.003228,0,0.005165,0,0.000646,0,0.000646,0.001937,0.010329,0.003873,0,0,0.000646,0,0.003228,0.249193,0.001291,0.007747,0.001937,0,0.0949
"NZHT-3133",0.000557,0,0,0,0.000557,0.001114,0.001114,0,0.006128,0,0,0.007242,0.001114,0,0.004457,0,0,0,0.000557,0.007799,0.170474,0.001114,0.000557,0.001671,0.000557,0.002786,0.002228,0.010585,0.002228,0.003343,0,0,0.002228,0.012813,0.008357,0.000557,0.000557,0.001114,0,0.005014,0.256825,0.001114,0.006128,0.002228,0,0.086351
"PFDR-4626",0.000563,0,0,0,0,0.000563,0.000563,0,0.010704,0.000563,0,0.009014,0.002817,0,0.00338,0,0,0,0.000563,0.007887,0.165634,0.000563,0.000563,0.001127,0.000563,0.00169,0.001127,0.006761,0.001127,0.00169,0,0.001127,0.00338,0.013521,0.002254,0.001127,0.001127,0.001127,0,0.002254,0.250141,0.000563,0.010704,0.00338,0,0.084507
"RADV-7442",0,0.000577,0.000577,0.000577,0.000577,0.001153,0,0,0.008074,0,0,0.010381,0,0.000577,0.006344,0,0,0,0,0.00692,0.179931,0.000577,0.000577,0.001153,0.000577,0.004614,0.000577,0.004614,0.000577,0.000577,0,0.000577,0.002307,0.008651,0.004614,0.000577,0,0.000577,0,0.002307,0.247982,0,0.008074,0.002307,0,0.068051
"RMBE-6031",0.001179,0,0,0,0.001768,0.002946,0.001179,0,0.004125,0,0,0.006482,0,0,0.004125,0,0,0,0.000589,0.009428,0.168533,0.002357,0.000589,0.002946,0.000589,0.004714,0.001768,0.010018,0.001768,0.003536,0,0,0.001179,0.010018,0.003536,0,0.001179,0.004714,0,0.004125,0.25221,0.001179,0.004125,0.001179,0,0.083677
"RNRR-2817",0.001367,0,0,0,0,0.001367,0.001367,0,0.002734,0,0,0.010253,0,0,0.002051,0,0,0,0.000684,0.006152,0.166781,0.002051,0.000684,0.002734,0.000684,0.006835,0.001367,0.01162,0.001367,0.002734,0,0,0.002734,0.012303,0,0,0,0.001367,0.000684,0.004101,0.256323,0.001367,0.002734,0.002734,0.000684,0.089542
"RZLN-1813",0.000531,0,0,0,0.001061,0.001592,0.000531,0,0.01008,0.000531,0,0.011141,0.001061,0,0.003183,0,0,0,0.001061,0.01061,0.178249,0.002653,0.000531,0.003183,0.000531,0.004775,0.002122,0.007427,0.002122,0.003183,0,0.001061,0.002653,0.011141,0.006366,0.001061,0.000531,0.004244,0.000531,0.005836,0.267905,0.000531,0.01008,0.002653,0.000531,0.089655
"SABG-9406",0.000631,0,0,0,0.000631,0.001262,0.000631,0,0.007571,0.000631,0.000631,0.011356,0.000631,0,0.003155,0,0,0,0.000631,0.008202,0.169085,0.000631,0.000631,0.001262,0.000631,0.001893,0.001893,0.006309,0.001893,0.002524,0,0.000631,0.003155,0.011356,0.005047,0.000631,0,0.001262,0,0.003155,0.258675,0.000631,0.007571,0.003155,0,0.08959
"SPSC-2142",0.001403,0,0,0,0,0.001403,0.000701,0,0.018233,0.000701,0.000701,0.011921,0.002805,0,0.002805,0,0,0,0.000701,0.008415,0.180224,0.000701,0,0.000701,0,0.001403,0,0.00561,0,0.001403,0,0.001403,0.003506,0.014727,0.003506,0.001403,0,0.002104,0,0.004208,0.26648,0.000701,0.018233,0.003506,0,0.086255
"SYFZ-4902",0.000655,0,0,0,0.000655,0.001311,0.000655,0.000655,0.010485,0.000655,0,0.009174,0.000655,0,0.002621,0,0,0,0.000655,0.007208,0.157274,0,0,0,0,0.000655,0,0.005242,0,0.000655,0,0.000655,0.002621,0.012451,0.004587,0,0.000655,0.001966,0,0.002621,0.247051,0.001311,0.010485,0.002621,0,0.089777
"TSHA-6691",0.001597,0,0,0,0.001597,0.003193,0.002129,0,0.003193,0.000532,0,0.006386,0.001064,0,0.003193,0,0,0,0.000532,0.009047,0.166046,0.002661,0.000532,0.003193,0.000532,0.00479,0.001597,0.011176,0.001597,0.003725,0,0.000532,0.001597,0.010644,0.002661,0,0.000532,0.004258,0,0.005854,0.245875,0.002129,0.003193,0.001597,0,0.07983
"UNEK-3204",0,0,0,0,0,0,0.0013,0,0.007152,0,0,0.006502,0.002601,0,0.002601,0,0,0,0.00065,0.003901,0.143693,0,0,0,0,0.00065,0,0.005852,0,0,0,0,0.0013,0.012354,0.001951,0.00065,0,0.002601,0,0.0013,0.230819,0.0013,0.007152,0.0013,0,0.087126
"UPHX-0563",0,0,0,0,0,0,0.000739,0,0.01034,0,0,0.008863,0.000739,0,0.005908,0,0,0,0.000739,0.00517,0.191285,0.000739,0,0.000739,0,0.002954,0,0.00517,0,0,0,0,0.002216,0.014771,0.003693,0.000739,0,0.001477,0,0.005908,0.267356,0.000739,0.01034,0.002216,0,0.076071
"URDN-9010",0.001316,0,0,0,0.000658,0.001974,0.000658,0,0.0125,0.000658,0.000658,0.013816,0.001974,0,0.003947,0,0,0,0.001316,0.009868,0.184211,0.002632,0.000658,0.003289,0.000658,0.003947,0,0.006579,0,0.001316,0,0.000658,0.001974,0.013816,0.003289,0.000658,0.000658,0.002632,0.000658,0.005921,0.271711,0.000658,0.0125,0.001974,0.000658,0.0875
"UXMD-2904",0.001087,0.000543,0.000543,0.000543,0.002174,0.003804,0.001087,0,0.005435,0.000543,0,0.007065,0.001087,0,0.003261,0,0,0,0.000543,0.008152,0.159783,0.001087,0.000543,0.00163,0.000543,0.003261,0,0.004348,0,0.00163,0,0.000543,0.002717,0.0125,0.003261,0.000543,0.000543,0.002717,0,0.003261,0.238043,0.001087,0.005435,0.002717,0,0.078261
"UYYP-4584",0.00144,0,0,0,0.00072,0.00216,0.00216,0,0.007919,0,0,0.010799,0.00144,0,0.00144,0,0,0,0,0.00432,0.159827,0.00072,0,0.00072,0,0.00216,0.00288,0.009359,0.00288,0.00432,0,0,0.00144,0.008639,0.00432,0,0,0.00072,0,0.0036,0.2491,0.00216,0.007919,0.00144,0,0.089273
"VAAG-4516",0.000641,0,0,0,0.001924,0.002566,0.001283,0,0.012187,0.000641,0,0.008339,0.001283,0,0.003207,0,0.000641,0.000641,0,0.009622,0.170622,0.000641,0.000641,0.001283,0.000641,0.003849,0,0.003849,0,0.000641,0,0.000641,0.003849,0.012187,0.005773,0.001283,0,0.003849,0,0.00449,0.262348,0.001283,0.012187,0.003849,0,0.091725
"VEBS-8692",0.000578,0.000578,0.000578,0.000578,0.001733,0.002889,0.001733,0,0.006355,0,0,0.00751,0.000578,0,0.002311,0,0,0,0,0.008088,0.164067,0.001155,0.000578,0.001733,0.000578,0.004622,0.000578,0.004622,0.000578,0.001733,0,0,0.002889,0.010976,0.003466,0,0.000578,0.000578,0,0.004622,0.254188,0.001733,0.006355,0.002889,0,0.090121
"VKSV-1524",0.000575,0,0,0,0.000575,0.001149,0.002299,0,0.008046,0.000575,0,0.008046,0,0,0.002299,0,0,0,0.000575,0.007471,0.173563,0.002299,0.000575,0.002874,0.000575,0.003448,0.001724,0.011494,0.001724,0.002299,0,0.000575,0.002299,0.012644,0.001724,0,0.000575,0.000575,0,0.003448,0.259195,0.002299,0.008046,0.002299,0,0.085632
"VNMV-9588",0.000933,0,0,0,0.000933,0.001866,0.000933,0,0.013993,0.000933,0,0.008396,0.001866,0,0.003731,0.000933,0,0,0.000933,0.005597,0.192164,0.000933,0,0.000933,0,0.001866,0,0.007463,0,0.000933,0,0.000933,0.003731,0.016791,0.004664,0.001866,0,0.001866,0,0.002799,0.295709,0.000933,0.013993,0.003731,0,0.103545
"VUYY-7155",0.001464,0,0,0,0.001464,0.002928,0.001464,0,0.022694,0.000732,0.000732,0.012445,0.000732,0,0.001464,0,0.000732,0.000732,0.000732,0.009517,0.15593,0.001464,0.000732,0.002196,0.000732,0.002928,0.001464,0.006589,0.001464,0.002928,0,0.001464,0.002928,0.010981,0.005857,0.000732,0.000732,0.001464,0,0.001464,0.257687,0.001464,0.022694,0.002928,0,0.101757
"WCBT-7220",0,0,0,0,0,0,0,0,0.005593,0,0,0.02349,0.001119,0,0.006711,0,0,0,0,0.002237,0.221477,0,0,0,0,0.003356,0.003356,0.010067,0.003356,0.003356,0,0,0.001119,0.004474,0.004474,0,0,0,0,0.00783,0.265101,0,0.005593,0.001119,0,0.043624
"WHEW-9166",0.000605,0,0,0,0.000605,0.001209,0.000605,0,0.006651,0.000605,0,0.009069,0,0.000605,0.001814,0,0,0,0,0.007255,0.159613,0.001814,0.000605,0.002418,0.000605,0.006046,0.001814,0.006651,0.001814,0.002418,0,0.000605,0.001209,0.005441,0.004837,0,0.000605,0.000605,0,0.003023,0.238815,0.000605,0.006651,0.001209,0,0.079202
"WKPD-0206",0.00123,0,0,0,0.00123,0.00246,0.000615,0,0.006765,0.000615,0,0.00984,0.000615,0,0.003075,0,0,0,0.000615,0.00984,0.186962,0.00123,0,0.00123,0,0.003075,0.00123,0.007995,0.00123,0.00246,0,0.00123,0.00492,0.014145,0.004305,0.00123,0,0.001845,0.00123,0.003075,0.275523,0.000615,0.006765,0.00492,0.00123,0.088561
"WLSB-8478",0.002237,0,0,0,0,0.002237,0.002237,0,0.004474,0,0,0.011931,0.001491,0,0.002983,0,0,0,0.000746,0.003729,0.186428,0.002237,0,0.002237,0,0.003729,0,0.011186,0,0.002237,0,0,0.001491,0.012677,0.002237,0,0,0.001491,0,0.00522,0.269948,0.002237,0.004474,0.001491,0,0.08352
"WPMG-6210",0.001058,0.000529,0.000529,0.000529,0.001587,0.003175,0.002116,0,0.008466,0.000529,0,0.007407,0.002646,0,0.002116,0,0,0,0.001058,0.005291,0.159259,0.001058,0.000529,0.001587,0.000529,0.005291,0,0.006349,0,0.001058,0,0.000529,0.002646,0.012698,0.002646,0,0.001058,0.002116,0,0.003704,0.238624,0.002116,0.008466,0.002646,0,0.079365
"WRWG-8081",0,0,0,0,0,0,0.002141,0,0.00571,0,0,0.008565,0.002141,0,0.003569,0,0,0,0.000714,0.008565,0.177016,0.002141,0.000714,0.002855,0.000714,0.003569,0.001428,0.010707,0.001428,0.001428,0,0,0.000714,0.014276,0.001428,0,0.000714,0.001428,0.000714,0.00571,0.266238,0.002141,0.00571,0.000714,0.000714,0.089222
"WTEK-2667",0,0,0,0,0,0,0.001374,0,0.004808,0,0,0.006868,0,0,0.001374,0,0,0,0,0.003434,0.140797,0,0.000687,0.000687,0.000687,0.001374,0.001374,0.004808,0.001374,0.001374,0,0,0.001374,0.012363,0.000687,0,0.000687,0,0,0.001374,0.217033,0.001374,0.004808,0.001374,0,0.076236
"WVHV-1777",0.000588,0.000588,0.000588,0.000588,0.001765,0.002941,0.002941,0,0.005882,0,0,0.007059,0.000588,0,0.003529,0,0,0,0.000588,0.004118,0.144706,0.001176,0.000588,0.001765,0.000588,0.003529,0,0.005294,0,0.000588,0,0,0.001176,0.011765,0.006471,0.000588,0.000588,0.003529,0,0.001765,0.228235,0.002941,0.005882,0.001176,0,0.083529
"WWKA-8326",0.000656,0,0,0,0.001311,0.001967,0.001311,0,0.003934,0,0,0.008525,0,0,0.003279,0,0,0,0,0.006557,0.192131,0.001967,0.000656,0.002623,0.000656,0.003934,0.001311,0.012459,0.001311,0.001967,0,0,0.001311,0.008525,0.003934,0,0,0.000656,0,0.00459,0.281967,0.001311,0.003934,0.001311,0,0.089836
"XDCP-1662",0.000559,0.000559,0.000559,0.000559,0.001119,0.002237,0.002796,0,0.005034,0.000559,0,0.00783,0.001678,0,0.003915,0,0,0,0.000559,0.008949,0.162752,0.001678,0.000559,0.002237,0.000559,0.005034,0.000559,0.006711,0.000559,0.001119,0,0.000559,0.001678,0.012304,0.005593,0.000559,0.000559,0.003356,0,0.004474,0.247204,0.002796,0.005034,0.001678,0,0.084452
"XFMB-8490",0.000618,0.000618,0.000618,0.000618,0.001855,0.003092,0.001855,0,0.00804,0.000618,0,0.00804,0.000618,0,0.002474,0.001237,0,0,0,0.006803,0.147805,0.000618,0,0.000618,0,0.001855,0.000618,0.004947,0.000618,0.001237,0.000618,0.000618,0.001237,0.008658,0.007421,0,0.000618,0.002474,0,0.002474,0.231911,0.001855,0.00804,0.001237,0,0.084106
"XGXK-3754",0,0.000965,0.000965,0.000965,0.000965,0.001931,0,0,0.006757,0,0,0.015444,0.000965,0,0.009653,0.000965,0,0,0.000965,0.004826,0.241313,0,0,0,0,0.002896,0.001931,0.004826,0.001931,0.001931,0,0,0.000965,0.009653,0.005792,0,0.000965,0,0,0.008687,0.289575,0,0.006757,0.000965,0,0.048263
"XLPG-2239",0.00114,0,0,0,0.001709,0.002849,0.00114,0,0.006838,0.00057,0,0.007977,0.00057,0,0.001709,0,0,0,0.00057,0.006268,0.161823,0.001709,0,0.001709,0,0.003419,0.00057,0.005698,0.00057,0.002279,0,0.00057,0.002849,0.010826,0.003419,0.00057,0.00057,0.002849,0,0.005128,0.239316,0.00114,0.006838,0.002849,0,0.077493
"XRGV-5022",0.000584,0,0,0,0.001751,0.002335,0.002919,0,0.005838,0,0,0.006421,0.001168,0,0.002919,0,0,0,0.000584,0.007589,0.159953,0.001751,0.000584,0.002335,0.000584,0.003503,0.001168,0.006421,0.001168,0.002335,0,0,0.002335,0.011675,0.007589,0.000584,0,0.002919,0,0.00467,0.238762,0.002919,0.005838,0.002335,0,0.078809
"XWPS-1467",0,0,0,0,0.00147,0.00147,0,0,0.006613,0,0,0.012491,0,0,0.002204,0,0,0,0,0.003674,0.199853,0.00147,0,0.00147,0,0.005143,0.000735,0.005878,0.000735,0.00147,0,0,0.003674,0.011021,0.004409,0,0,0.000735,0,0.004409,0.274798,0,0.006613,0.003674,0,0.074945
"YDRG-0701",0.001524,0.000508,0.000508,0.000508,0.000508,0.002541,0.001016,0,0.008638,0.000508,0,0.009146,0.001524,0,0.002033,0.000508,0,0,0.000508,0.007622,0.175813,0.001016,0.000508,0.001524,0.000508,0.002541,0.001524,0.00813,0.001524,0.003049,0,0.001016,0.003557,0.011179,0.004573,0.001016,0.000508,0.000508,0,0.002541,0.264228,0.001016,0.008638,0.003557,0,0.088415
"YHPX-9257",0.00114,0,0,0,0.00057,0.001709,0,0,0.006268,0.00057,0,0.007977,0.001709,0,0.002849,0,0,0,0.00057,0.006268,0.169801,0.002279,0,0.002279,0,0.003989,0,0.007977,0,0.00114,0,0.00057,0.002849,0.010826,0.00057,0.00114,0,0.002279,0,0.003989,0.247863,0,0.006268,0.002849,0,0.078063
"YNEF-8778",0.001691,0,0,0,0.001127,0.002818,0.000564,0,0.008455,0.000564,0,0.009019,0.002255,0,0.003382,0,0,0,0,0.007328,0.183202,0.003382,0.000564,0.003946,0.000564,0.005637,0.002255,0.006764,0.002255,0.00451,0,0.000564,0.002818,0.010147,0.006201,0.000564,0.000564,0.003382,0,0.006764,0.261556,0.000564,0.008455,0.002818,0,0.078354
"YPLG-2426",0.002128,0,0,0,0.001596,0.003723,0.00266,0,0.007447,0.000532,0,0.006915,0.001064,0,0.00266,0.000532,0,0,0.001064,0.01117,0.162234,0.002128,0.000532,0.00266,0.000532,0.004787,0.001064,0.005851,0.001064,0.003723,0,0.000532,0.00266,0.012234,0.004255,0.000532,0,0.00266,0,0.004255,0.251064,0.00266,0.007447,0.00266,0,0.08883
"YRVF-7585",0.000636,0,0,0,0.000636,0.001272,0.002545,0,0.012087,0.000636,0,0.009542,0,0,0.003181,0,0.000636,0.000636,0.000636,0.008906,0.150763,0.000636,0.000636,0.001272,0.000636,0.002545,0.001908,0.01145,0.001908,0.002545,0,0.000636,0.002545,0.012723,0.000636,0.001272,0,0.005089,0,0.003181,0.253181,0.002545,0.012087,0.002545,0,0.102417
"ZUCZ-4824",0.000623,0,0,0,0.002491,0.003113,0.001245,0,0.007472,0.000623,0,0.008095,0.001245,0,0.000623,0,0,0,0.001245,0.008717,0.186177,0.002491,0,0.002491,0,0.003113,0,0.008717,0,0.000623,0,0.000623,0.003736,0.014321,0.002491,0.001245,0.000623,0.002491,0.000623,0.005604,0.275841,0.001245,0.007472,0.003736,0.000623,0.089664
"ZUWK-0804",0.001152,0,0,0,0,0.001152,0.001152,0,0.005184,0,0,0.009217,0.002304,0,0.002304,0,0,0,0.001152,0.009793,0.236175,0.001152,0.000576,0.001728,0.000576,0.00288,0.000576,0.014401,0.000576,0.001728,0,0,0.001728,0.012097,0.002304,0,0.000576,0.001728,0.001152,0.00576,0.298387,0.001152,0.005184,0.001728,0.001152,0.062212
"ZUYD-2339",0.002308,0,0,0,0,0.002308,0.003846,0,0.002308,0,0,0.014615,0,0,0.004615,0.002308,0,0,0,0.005385,0.156923,0.000769,0,0.000769,0,0.002308,0.003846,0.010769,0.003846,0.006154,0,0,0,0.006154,0.006923,0,0.000769,0.000769,0,0.000769,0.256154,0.003846,0.002308,0,0,0.099231
"ZVYP-4168",0.001951,0,0,0,0.0013,0.003251,0.002601,0,0.005202,0.00065,0,0.010403,0,0,0.0013,0,0,0,0.00065,0.012354,0.176853,0.001951,0.00065,0.002601,0.00065,0.005202,0.002601,0.009753,0.002601,0.005202,0,0.00065,0.002601,0.014304,0.006502,0.00065,0.0013,0.002601,0,0.005852,0.263979,0.002601,0.005202,0.002601,0,0.087126
